Metric Name,Current Value,Target Value,Status,Last Updated,Notes,Progress %,Formula
Total Tasks Executed,0,1000000,Red,2024-11-24,Starting baseline,0%,=B2/C2*100
Zero-Error Rate (%),0,100,Red,2024-11-24,Target: 100% accuracy,0%,=B3
Average Confidence Score,0,0.95,Red,2024-11-24,Min acceptable: 0.7,0%,=B4/C4*100
Agent Types Deployed,0,10,Yellow,2024-11-24,Start with 3-5 types,0%,=B5/C5*100
Active Red Flag Rules,0,20,Yellow,2024-11-24,Build comprehensive set,0%,=B6/C6*100
Task Decomposition Depth,0,5,Green,2024-11-24,Average subtask levels,0%,=B7/C7*100
Voting Consensus Rate (%),0,95,Red,2024-11-24,Min: 80%,0%,=B8/C8*100
System Uptime (%),0,99.9,Red,2024-11-24,Production target,0%,=B9/C9*100
Development Phase,Planning,Production,Yellow,2024-11-24,Current: Phase 1,25%,Manual
Million Step Milestone,0,1,Red,2024-11-24,Ultimate goal,0%,=B11/C11*100