Timestamp,Execution ID,Task Type,Input Data Hash,Agent Count,Execution Time (ms),Success,Final Output,Confidence Score,Error Messages,Resource Usage,Cost ($),Dependencies Met,Next Steps
2024-11-24 10:15:23,EXEC_001,validation,abc123def,3,45,Y,Validated params object,0.99,none,0.1 CPU-sec,0.003,Y,Proceed to CALC_001_02
2024-11-24 10:15:45,EXEC_002,arithmetic,def456ghi,3,67,Y,10000,0.87,Agent_2 precision warning,0.2 CPU-sec,0.003,Y,Proceed to CALC_001_03
2024-11-24 10:16:12,EXEC_003,hanoi_move,ghi789jkl,5,125,N,none,0.45,Invalid move detected,0.5 CPU-sec,0.015,Y,Retry with rule adjustment
2024-11-24 10:16:45,EXEC_004,extraction,jkl012mno,3,380,Y,2847 words extracted,0.95,none,0.8 CPU-sec,0.024,Y,Proceed to TEXT_001_02
2024-11-24 10:17:12,EXEC_005,validation,mno345pqr,3,55,Y,Schema validated - 12 columns,0.98,none,0.15 CPU-sec,0.006,Y,Proceed to DATA_001_02
2024-11-24 10:17:34,EXEC_006,formatting,pqr678stu,3,35,Y,$12456.78,0.89,Minor formatting disagreement,0.1 CPU-sec,0.003,Y,Task chain complete
2024-11-24 10:18:01,EXEC_007,algorithm,stu901vwx,5,1850,Y,1023 optimal moves,0.96,none,2.1 CPU-sec,0.045,Y,Proceed to HANOI_001_03
2024-11-24 10:18:45,EXEC_008,preprocessing,vwx234yza,3,145,Y,2734 clean words,0.93,none,0.3 CPU-sec,0.012,Y,Proceed to TEXT_001_03
2024-11-24 10:19:12,EXEC_009,data_cleaning,yza567bcd,3,285,Y,47 values imputed,0.84,Different methods used,0.6 CPU-sec,0.015,Y,Proceed to DATA_001_03
2024-11-24 10:19:45,EXEC_010,hanoi_move,bcd890efg,3,22,Y,Move: Tower 0 to 2,0.98,none,0.05 CPU-sec,0.003,Y,Continue move sequence
2024-11-24 10:20:34,EXEC_011,llm_analysis,efg123hij,5,1920,Y,Sentiment: Positive (0.78),0.88,none,4.2 CPU-sec,0.075,Y,Analysis complete
2024-11-24 10:21:15,EXEC_012,statistics,hij456klm,3,95,Y,Mean age: 34.5 years,0.97,none,0.2 CPU-sec,0.009,Y,Stats complete
2024-11-24 10:21:45,EXEC_013,validation,klm789nop,3,78,N,none,0.45,Invalid rate parameter,0.15 CPU-sec,0.006,N,Fix input and retry
2024-11-24 10:22:12,EXEC_014,initialization,nop012qrs,3,12,Y,Initial state created,0.99,none,0.03 CPU-sec,0.003,Y,Ready for first move
2024-11-24 10:22:45,EXEC_015,extraction,qrs345tuv,3,5000,N,Timeout,0.62,Document too large,5.0 CPU-sec,0.024,Y,Implement chunking strategy