Phase,Milestone,Start Date,Target Date,Actual Date,Status,Completion (%),Dependencies,Owner,Deliverables,Success Criteria,Risks,Notes
Phase 1,Core Architecture Setup,2024-11-20,2024-11-25,2024-11-24,Active,80%,none,Dev Team,Agent base classes + voting system,Unit tests pass,Resource constraints,On track
Phase 1,Agent Base Class,2024-11-20,2024-11-22,2024-11-21,Complete,100%,none,Lead Dev,MicroAgent class,All methods implemented,none,Completed early
Phase 1,Voting System,2024-11-21,2024-11-24,2024-11-23,Complete,100%,Agent Base Class,Dev Team,VotingSystem class,3-agent voting works,Algorithm complexity,Completed
Phase 1,Red-Flagging System,2024-11-22,2024-11-25,,Active,60%,Voting System,Dev Team,RedFlaggingSystem class,5 rules active,Rule tuning needed,In progress
Phase 1,Basic Agent Types,2024-11-23,2024-11-26,,Active,40%,Agent Base Class,Dev Team,Math + validation agents,Basic operations work,Implementation time,Started
Phase 2,Task Decomposition,2024-11-25,2024-12-01,,Planned,0%,Phase 1,Senior Dev,TaskDecomposer class,Complex task breakdown,Decomposition strategy,Waiting for Phase 1
Phase 2,Execution Engine,2024-11-26,2024-12-03,,Planned,0%,Task Decomposition,Lead Dev,MAKERExecutionEngine,End-to-end execution,Integration complexity,Waiting
Phase 2,Dependency Management,2024-11-28,2024-12-05,,Planned,0%,Execution Engine,Dev Team,Graph-based scheduling,Proper task ordering,Graph algorithms,Planning
Phase 3,Advanced Agent Types,2024-12-01,2024-12-08,,Planned,0%,Phase 2,Dev Team,LLM + specialized agents,Agent reliability tests,Model API limits,Planning
Phase 3,Production Testing,2024-12-08,2024-12-15,,Planned,0%,Advanced Agents,QA Team,Test suite + docs,1000+ step execution,Scale testing,Planning
Phase 3,Performance Optimization,2024-12-10,2024-12-17,,Planned,0%,Production Testing,Senior Dev,Optimized algorithms,Sub-second response,Performance tuning,Planning
Phase 4,Deployment Infrastructure,2024-12-15,2024-12-20,,Planned,0%,Phase 3,DevOps,Docker + monitoring,Production ready,Infrastructure,Planning
Phase 4,Million-Step Test,2024-12-20,2024-12-30,,Planned,0%,Deployment,Full Team,Zero-error execution,1M steps completed,System stability,High risk milestone
Phase 4,Documentation Complete,2024-12-22,2024-12-28,,Planned,0%,Million-Step Test,Tech Writer,Complete user guides,Comprehensive docs,Documentation scope,Planning
Phase 4,Production Release,2024-12-28,2025-01-05,,Planned,0%,All previous,Project Manager,Live system,Public availability,Go-live risks,Planning